arquivo,destino,classe,folha_consolidada,sha256
Escrito à mão_2026-09-27_075923.pdf,ecos-da-nevoa,miolo,3,aafc9389af8834b0492f443fbd6928b14851cfa9bb3447d8064d860209392092
Escrito à mão_2026-09-27_080008.pdf,ecos-da-nevoa,miolo,4,6a1b2115a96868b39f36b2406474a60e661494c2ea0d82e48fc976cfe1ff2cfc
Escrito à mão_2026-09-27_080119.pdf,ecos-da-nevoa,miolo,5,b4f056daaa72e9eeb071229a50ea029f6a342cf6065523b8513f9e5cba0715ee
Escrito à mão_2026-09-27_080201.pdf,ecos-da-nevoa,miolo,6,3c078f6e10ab44c0a664bd0541d73993ad2d840ab250bbec0cb3497b13f93746
Escrito à mão_2026-09-27_080301.pdf,ecos-da-nevoa,miolo,7,5701d921dd0693800fd81a2fd8fca7af40116a1d7bf7cadaa461164df27dce6c
Escrito à mão_2026-09-27_080352.pdf,ecos-da-nevoa,miolo,8,da9faefa0b0171a21549438fe10d970968a63cec253e2d09defd932db4c07895
Escrito à mão_2026-09-27_080625.pdf,ecos-da-nevoa,miolo,9,c7d54a1bf5aa6c337e57ba4e625eb422879e58b805689cdc84ac4b5c186539ad
Escrito à mão_2026-09-27_080742.pdf,ecos-da-nevoa,miolo,10,a09c1c7d6fdfb40d1dacf72093a7977884884afec80a0a2d857152639ee6e5d5
Escrito à mão_2026-09-27_080834.pdf,ecos-da-nevoa,miolo,11,886f0d34ffd4722be261f29913f3d8fd6d7871a4d81028a87aecee3c37f9bab7
Escrito à mão_2026-09-27_080918.pdf,ecos-da-nevoa,miolo,12,dd1347bbe3dc539a88f8db410d77f307e59a092a3f5234c8f3231adb64681d48
Escrito à mão_2026-09-27_080959.pdf,ecos-da-nevoa,miolo,13,0bbaf5f976839fecbc78bdb707135e5f9d7f76e1256c48fbf99385e277d9c5e3
Escrito à mão_2026-09-27_081035.pdf,ecos-da-nevoa,miolo,14,cd6f6cb8a842a22cdb46375caaf9338b619975825d06f8a22f113748e92624b9
Escrito à mão_2026-09-27_081115.pdf,ecos-da-nevoa,miolo,15,eff4d118b3cf0190023ab64dc0b358e4e3d88ac11a3bf34608331e3d24bd487c
Escrito à mão_2026-09-27_081151.pdf,ecos-da-nevoa,miolo,16,b370b3263cb5224cf9ffcb89c7dd47e71ce0146c0c5720829844552939b356af
Escrito à mão_2026-09-27_081234.pdf,ecos-da-nevoa,miolo,17,1cc3ac0a3427c0dcd56e28b42a539acf278bf148b10ea37c49dc7599db18ef11
Escrito à mão_2026-09-27_081311.pdf,ecos-da-nevoa,miolo,18,c76dd3ba4c1795363818209909219cf66216e6ad364031c19485fe76b757a48d
Escrito à mão_2026-09-27_081352.pdf,ecos-da-nevoa,miolo,19,1c396cc19a2dd73d35572bb45b783c16427dd1a41bb57ab3f49ef260e555cba6
Escrito à mão_2026-09-27_081429.pdf,ecos-da-nevoa,miolo,20,20bb4cf8d1227e542451adfe0acfb93ae09a3439be234e72e26282a476ae4a24
Escrito à mão_2026-09-27_081515.pdf,ecos-da-nevoa,miolo,21,7b63335ba2349f806b54c7986e7bc037afc5f47d331462ed690e083c064dbb7b
Escrito à mão_2026-09-27_081550.pdf,ecos-da-nevoa,miolo,22,4490a957154157998bb60b04a623103dba7e8b01c748aa13e0774ceb13cf835d
Escrito à mão_2026-09-27_081628.pdf,ecos-da-nevoa,miolo,23,a3748b874d7a77e1225d2ac519e218793e238154bbc629a0a859f767123ed708
Escrito à mão_2026-09-27_081701.pdf,ecos-da-nevoa,miolo,24,c36b0e11ccded0670a35f923920173aea9f3816202b42c3f3d239f6367c7d603
Escrito à mão_2026-09-27_081739.pdf,ecos-da-nevoa,miolo,25,634a5a1c1e98fe07119a6635e4f310d9b3c8b60bfe5367e469f8624f08278a6a
Escrito à mão_2026-09-27_081824.pdf,ecos-da-nevoa,miolo,26,dbe983b13db79cf0030f7ddcc1750144c8822279a755d0cdde1ac6424953a644
Escrito à mão_2026-09-27_081900.pdf,ecos-da-nevoa,digitalização repetida,,cf5a3093961afd86512b6bfdf4b3b47d805188ace13ea986e4f0990a5b716f14
Escrito à mão_2026-09-27_081939.pdf,ecos-da-nevoa,digitalização repetida,,8444e33dda91f654d3319ed712c88e8d89c3efa938a236c9dd7298be3e8fadc0
Escrito à mão_2026-09-27_082024.pdf,ecos-da-nevoa,miolo,27,75b513e59d05c7f55da3f9bb018410f9b8d7c50566a7b6706152054a81c8d005
Escrito à mão_2026-09-27_082102.pdf,ecos-da-nevoa,miolo,28,9720c060f6683d4c94015914c6fd20a2d5ab072562ca6abaae62d75dd94ffbed
Escrito à mão_2026-09-27_082143.pdf,ecos-da-nevoa,miolo,29,e87904a4eda91bc22c290b218f75ad654769be3cf31ee61aaa2b2f8531022eec
Escrito à mão_2026-09-27_082219.pdf,ecos-da-nevoa,miolo,30,d4e2659ecada7c3c5af2ca4c1e1f293690b4148ca61e73afa8cd0fef7da53495
Escrito à mão_2026-09-27_082301.pdf,ecos-da-nevoa,miolo,31,c459beac424b9f7cccb3f6006b799d674b7b358f28e54d6296913f230a85fe52
Escrito à mão_2026-09-27_082340.pdf,ecos-da-nevoa,miolo,32,839ed262df3dfe1fdc1d6e0c371cf34cf873e5917f157d218b81578202b880c3
Escrito à mão_2026-09-27_082419.pdf,ecos-da-nevoa,miolo,33,96f7d4a33dae0890ff2ebe667ffd9a02c27c06dd1cd6fe1c5726286f018874b1
Escrito à mão_2026-09-27_082458.pdf,ecos-da-nevoa,miolo,34,8ae7b35fdb87d6cc302f96c5403272c6a79edff7b6dae1e887a10eeaa7002b6f
Escrito à mão_2026-09-27_082535.pdf,ecos-da-nevoa,miolo,35,d9da0c3623a3904fb07ab8e05f732794bc18c3ebf1bdb0e02cda81924efa44b3
Escrito à mão_2026-09-27_082611.pdf,ecos-da-nevoa,miolo,36,3a7908c4768f5033637a914889fede121bee17980b2212f552d09bb9b5c3d633
Escrito à mão_2026-09-27_082657.pdf,ecos-da-nevoa,miolo,37,0877894c0fed32c231fa850d8d3ecb85bd00998c896bc6fbaac3db1f38b8ea75
Escrito à mão_2026-09-27_082734.pdf,ecos-da-nevoa,miolo,38,14e5db2840329f3b42ab9f3de7c070193ec6ec20adc84703bbd2efb02d251257
Escrito à mão_2026-09-27_082812.pdf,ecos-da-nevoa,miolo,39,5e395cd87d37d5a8eedd85007d97bfeea06be465251b356f54f89d79d441b092
Escrito à mão_2026-09-27_082849.pdf,ecos-da-nevoa,miolo,40,d8936f3a2d298897addab331fba8d93dde3db05925178c893071d6dbbbc2ed6c
Escrito à mão_2026-09-27_082927.pdf,ecos-da-nevoa,miolo,41,af0f58cc6f5da693c61a378397157fd22189c4b5d3bf5438bb3e0aabbf307649
Escrito à mão_2026-09-27_083005.pdf,ecos-da-nevoa,miolo,42,f34341ad17556008a8a2e6de7a15aa06fc3d0923087bd1ce78cd9ee9164beec9
Escrito à mão_2026-09-27_083043.pdf,ecos-da-nevoa,miolo,43,3584d5d9331856b5ef1e75b680c5233cfe8da9397cbb92a71d01da4971252647
Escrito à mão_2026-09-27_083126.pdf,ecos-da-nevoa,miolo,44,8d58116c2287332cfb21ffb2ba030a54040a881491deb8ca9ce1418545899911
Escrito à mão_2026-09-27_083206.pdf,ecos-da-nevoa,miolo,45,6886455ca631a50e6d8d8dba79699e8fa1d84dbaaeb88927f689a2226cb89f76
Escrito à mão_2026-09-27_083243.pdf,ecos-da-nevoa,miolo,46,cc820b3a0730b53472e7f543cb53c73783e6a4f9fc4174bc8efa38ba98a25964
Escrito à mão_2026-09-27_083328.pdf,ecos-da-nevoa,miolo,47,c0aa1e1d14205c13986a1c965392e3239da3bf61bf9ea2a4a25e61d62a38cfbd
Escrito à mão_2026-09-27_083402.pdf,ecos-da-nevoa,miolo,48,602aa2dd830accdf6be634c2dd6b7dd0a5369efc5652fcfdfbce2f02adbfad5a
Escrito à mão_2026-09-27_083442.pdf,ecos-da-nevoa,miolo,49,3139353f62eaf7f3d12b995aff5e16ab42254833116f4d15e7f46e48b7c4fa88
Escrito à mão_2026-09-27_083517.pdf,ecos-da-nevoa,miolo,50,d868351d3e8e8bd99b148939dc2a29dd0a56a79629c16e2be51db8ca0f461e45
Escrito à mão_2026-09-27_083555.pdf,ecos-da-nevoa,miolo,51,68b13e87e9d506f39db5e34d15e93c978a2dc6d6fa74243cb9b960811f6efdd7
Escrito à mão_2026-09-27_083632.pdf,ecos-da-nevoa,miolo,52,f025a498b4500b0203180b21da51786a60dc60bd5bba54b849f78517f41e47de
Escrito à mão_2026-09-27_083716.pdf,ecos-da-nevoa,miolo,53,4611b42d5276e1a82bc9120e0d55705737c28e6994317d7e973a73a44eeb1ee1
Escrito à mão_2026-09-27_083753.pdf,ecos-da-nevoa,material de apoio,,2c924b58349e67b638cdfdaa39552c92d53349dff7ab219a5d640d357eb74f7e
Escrito à mão_2026-09-27_083837.pdf,ecos-da-nevoa,material de apoio,,647e70099678945c07bbb1a38c31c8e27afd335fecce4252b7bcea4afee97533
Escrito à mão_2026-09-27_083929.pdf,ecos-da-nevoa,material de apoio,,75dd73fca1d110451b37f037f7f9dd60fd60449ff9c8c7768101255b57894824
Escrito à mão_2026-09-27_084010.pdf,ecos-da-nevoa,miolo,1,def4c4668fb5858ee2c354b0cb96f69328c937598050c790e3213a57bbee8787
Escrito à mão_2026-09-27_084046.pdf,ecos-da-nevoa,miolo,2,af3c3473b28b3f63b8bf5c2bc71609a7ee9544795e6dac2db84a8ca850f26748
Escrito à mão_2026-09-27_084141.pdf,ecos-da-nevoa,material de apoio,,6359217bc34a2356c93f878a57828dfc52090edb12dd28bfde20c71affc2895c
